Time (s),Amplitude
0.013012022049837448,18090.27215723857
0.014536630067716574,16452.9782757238
