Frequency (Hz),Magnitude
955.568968774035,371.70641115516594
2131.6755731716194,151.56230390779854
3129.584207205932,59.1017788639042
4127.492841240246,59.1017788639042
