Frequency (Hz),Magnitude
951.185307479631,372.55383876193713
2206.734155231204,158.4093314911409
3159.6992086492955,67.52241852155882
4105.478692567081,56.92518344182254
