Time (s),Amplitude
0.013181422940712909,18279.19068202874
0.014706030958592037,16515.951117320517
0.015553035412969329,13997.03745345163
0.021143264811859467,8644.345917730243
0.023006674611489513,8014.617501763016
