Frequency (Hz),Magnitude
947.4065476962437,373.7907348306007
2183.6133644973147,162.41265561341828
3159.9400740217898,68.64506037986705
4108.677001397808,56.609807064260266
