Frequency (Hz),Magnitude
28.939522885029874,1393.1750687829506
884.2897806287274,380.5121754450606
2202.954761316927,147.15942176285114
