Frequency (Hz),Magnitude
967.6656193169438,376.1267997897552
2194.239970065584,160.35931495287218
3193.0219413894783,61.10627192790605
