Time (s),Amplitude
0.01292820482072337,18064.482086922617
0.013927652412562105,16274.576090285766
0.015010387303720736,16521.459676028782
0.016009834895559467,14052.623818598637
0.0170092824873982,10904.858100375204
0.017675580881957358,9300.114793045606
0.018841603072435875,10040.76555027465
0.020257487160874083,8003.975967894781
0.021090360154073028,8497.743139380815
0.023172542637070387,7695.371485716016
0.022256382344551552,6275.790867693686
