Frequency (Hz),Magnitude
796.1190819959988,1534.3426562610334
2115.70504371956,11.918664577341062
3840.921930716632,16.96872170269799
