Time (s),Amplitude
0.01954012116925247,28900.2884007097
0.020531363152121597,22704.08428341728
0.02094438064498373,2830.8930291745055
0.021853019129280435,14467.666615309055
0.02309207160786684,10538.366443367522
0.024165917089308396,5853.431622975688
0.025157159072177526,2528.6391697943836
0.02581798706075694,4039.9084666949784
0.028791713009364325,2301.9487752592977
0.030278575983668017,2453.075704949355
