Frequency (Hz),Magnitude
1090.4492824099625,40.32459789013873
