Frequency (Hz),Magnitude
770.9730034755739,69.99372063354545
231.96658546472713,61.94347690567175
361.72291083757193,61.425822511551495
1115.9315520672321,29.59007727315594
1561.9689205363861,25.707669317254044
